source,target
P0001,P0003
P0001,P0791
P0002,P0017
P0002,P0026
P0002,P0014
P0002,P0616
P0002,P0107
P0002,P0535
P0002,P0937
P0003,P0002
P0003,P0054
P0003,P0021
P0005,P0109
P0005,P0012
P0005,P0535
P0006,P0199
P0006,P1133
P0006,P0031
P0008,P0541
P0009,P0031
P0010,P0147
P0010,P0043
P0010,P0032
P0010,P0038
P0010,P0017
P0010,P0063
P0010,P0006
P0010,P0033
P0011,P0820
P0011,P0058
P0011,P0002
P0011,P0003
P0011,P0112
P0011,P0970
P0011,P1144
P0011,P0192
P0011,P0786
P0011,P0779
P0012,P0019
P0012,P0523
P0014,P0031
P0015,P1179
P0016,P0199
P0017,P0031
P0018,P0518
P0018,P0021
P0018,P0828
P0018,P1033
P0019,P0012
P0021,P0518
P0021,P0923
P0021,P1607
P0023,P0009
P0023,P0014
P0026,P0031
P0028,P0008
P0030,P0518
P0030,P0779
P0030,P0147
P0032,P0019
P0032,P0031
P0032,P0026
P0032,P0014
P0032,P0017
P0032,P0009
P0036,P0008
P0037,P0031
P0038,P0031
P0040,P0841
P0042,P0434
P0042,P0616
P0042,P0199
P0043,P0031
P0043,P0014
P0043,P0009
P0044,P1093
P0044,P0164
P0047,P0019
P0047,P0031
P0047,P0014
P0047,P0009
P0048,P0014
P0048,P0038
P0048,P0026
P0048,P0009
P0048,P0017
P0048,P0037
P0048,P0031
P0050,P0581
P0050,P0019
P0050,P0620
P0050,P0049
P0052,P0001
P0052,P0060
P0053,P0020
P0054,P0572
P0054,P0779
P0054,P0141
P0054,P0202
P0054,P0023
P0055,P0828
P0055,P1022
P0056,P1465
P0056,P1086
P0057,P0002
P0057,P0161
P0057,P0846
P0058,P0008
P0060,P0001
P0060,P1156
P0060,P0002
P0060,P0795
P0060,P0047
P0060,P0032
P0063,P0009
P0063,P0031
P0063,P0032
P0063,P0014
P0063,P0072
P0064,P0011
P0064,P0001
P0064,P0008
P0064,P0074
P0064,P1205
P0064,P0112
P0064,P0004
P0064,P0755
P0064,P0563
P0065,P0616
P0065,P1198
P0065,P0434
P0065,P0535
P0065,P1026
P0065,P0199
P0067,P0006
P0067,P0043
P0067,P0032
P0067,P0009
P0067,P0026
P0068,P0948
P0068,P0623
P0068,P0095
P0068,P0535
P0069,P1028
P0070,P0529
P0070,P0004
P0070,P1057
P0072,P0031
P0072,P0009
P0074,P0008
P0075,P0771
P0075,P0518
P0075,P0021
P0075,P0144
P0075,P1969
P0079,P1452
P0079,P0256
P0079,P0199
P0081,P0023
P0083,P0572
P0084,P0535
P0085,P0677
P0085,P1016
P0085,P0085
P0086,P0623
P0086,P0547
P0086,P0010
P0086,P0017
P0086,P0047
P0086,P0006
P0086,P0939
P0086,P0147
P0086,P0871
P0086,P0040
P0086,P0289
P0086,P0163
P0086,P0952
P0086,P0597
P0086,P0814
P0086,P0620
P0086,P0332
P0087,P0014
P0087,P0009
P0087,P0062
P0089,P0001
P0089,P0058
P0089,P0068
P0089,P0011
P0089,P0008
P0090,P0547
P0092,P0055
P0092,P0828
P0092,P0662
P0093,P0518
P0096,P0755
P0096,P0779
P0096,P0347
P0096,P0518
P0096,P0006
P0099,P0712
P0100,P0002
P0103,P0055
P0104,P1090
P0106,P0045
P0107,P0012
P0107,P0535
P0107,P0572
P0108,P0908
P0108,P2099
P0108,P0200
P0110,P0822
P0111,P0535
P0111,P0084
P0112,P0008
P0113,P0199
P0117,P0203
P0117,P0196
P0119,P0109
P0119,P0005
P0119,P0254
P0119,P0938
P0119,P0055
P0119,P0662
P0119,P0009
P0119,P0014
P0119,P1081
P0121,P0068
P0121,P0093
P0121,P0032
P0121,P0023
P0121,P0601
P0122,P0304
P0122,P1168
P0123,P0484
P0126,P0005
P0126,P0809
P0126,P0001
P0126,P0776
P0126,P0902
P0127,P0027
P0127,P0304
P0129,P0778
P0130,P0023
P0131,P0518
P0134,P1499
P0134,P0609
P0134,P0023
P0134,P0563
P0134,P0399
P0134,P0030
P0134,P1261
P0134,P0157
P0134,P0730
P0134,P0684
P0134,P0009
P0135,P0266
P0135,P0023
P0136,P1105
P0136,P0133
P0136,P0484
P0136,P0011
P0136,P0777
P0136,P0883
P0136,P0860
P0136,P0948
P0136,P1030
P0136,P0552
P0137,P0002
P0137,P0021
P0137,P0518
P0137,P1071
P0137,P0755
P0138,P0690
P0138,P0801
P0138,P0809
P0138,P0954
P0138,P0939
P0138,P1489
P0138,P0023
P0138,P0081
P0138,P1191
P0138,P0434
P0140,P0011
P0141,P0033
P0142,P0012
P0142,P0535
P0143,P0553
P0144,P0518
P0144,P0021
P0144,P0258
P0146,P0055
P0147,P0518
P0148,P0001
P0148,P0518
P0148,P0021
P0148,P0075
P0150,P0973
P0151,P0107
P0154,P0004
P0154,P0853
P0155,P2338
P0155,P0535
P0155,P2086
P0155,P0012
P0156,P0071
P0157,P0017
P0157,P0009
P0157,P0026
P0157,P0014
P0157,P0006
P0157,P0043
P0157,P0072
P0158,P0002
P0159,P0154
P0159,P0217
P0159,P0211
P0161,P0016
P0163,P0616
P0163,P0120
P0163,P0023
P0164,P0628
P0165,P0828
P0165,P0023
P0167,P0937
P0167,P0021
P0167,P0026
P0167,P0017
P0167,P0014
P0167,P0009
P0168,P0001
P0169,P0855
P0169,P0646
P0170,P0218
P0171,P0002
P0171,P0023
P0171,P0147
P0172,P0545
P0172,P0136
P0172,P0484
P0172,P1030
P0173,P0892
P0173,P0836
P0173,P0571
P0176,P0002
P0176,P0001
P0176,P0011
P0176,P0484
P0176,P0124
P0176,P0846
P0178,P1265
P0178,P0008
P0180,P0060
P0181,P0060
P0181,P0484
P0181,P2209
P0183,P0141
P0184,P1014
P0184,P0883
P0187,P1776
P0190,P0003
P0190,P0937
P0190,P0662
P0192,P0098
P0192,P1316
P0192,P0136
P0193,P0657
P0193,P0571
P0194,P1033
P0194,P0580
P0194,P0019
P0194,P0061
P0194,P0657
P0194,P0535
P0194,P0464
P0194,P0795
P0197,P0620
P0198,P0883
P0199,P0116
P0199,P0741
P0204,P0042
P0204,P0100
P0204,P0023
P0204,P0892
P0205,P0023
P0205,P0623
P0205,P0563
P0205,P0684
P0208,P0518
P0209,P0423
P0209,P0561
P0209,P0633
P0209,P0003
P0209,P1987
P0209,P0484
P0209,P0057
P0209,P0378
P0209,P0683
P0209,P0176
P0209,P0571
P0209,P0735
P0210,P0071
P0210,P0015
P0210,P1175
P0212,P0289
P0212,P0042
P0212,P0743
P0212,P0304
P0212,P1262
P0213,P0518
P0213,P0075
P0213,P0147
P0213,P0010
P0213,P0006
P0221,P0103
P0221,P0938
P0221,P0092
P0222,P2273
P0222,P0017
P0222,P0794
P0222,P0939
P0225,P0079
P0225,P0755
P0226,P0623
P0226,P0518
P0226,P0104
P0227,P0547
P0228,P0939
P0228,P0037
P0228,P0005
P0228,P0031
P0228,P0597
P0228,P0822
P0229,P0071
P0229,P0794
P0229,P0920
P0229,P0199
P0232,P0060
P0234,P0072
P0235,P1689
P0235,P0730
P0236,P0895
P0236,P0043
P0236,P0006
P0237,P0690
P0240,P0014
P0240,P0017
P0240,P0032
P0240,P0031
P0240,P0047
P0241,P0049
P0241,P0434
P0241,P0535
P0244,P0828
P0244,P1033
P0244,P0836
P0244,P1076
P0244,P0857
P0244,P0040
P0246,P0001
P0246,P0765
P0246,P0197
P0246,P0553
P0246,P0100
P0248,P0716
P0248,P1016
P0253,P0009
P0253,P0923
P0253,P0043
P0253,P0006
P0253,P1033
P0253,P0865
P0253,P0011
P0254,P0005
P0255,P0154
P0255,P1832
P0255,P0217
P0255,P0211
P0256,P0107
P0257,P0199
P0258,P1769
P0258,P0779
P0258,P0987
P0259,P0428
P0259,P0012
P0260,P0684
P0263,P1580
P0263,P0023
P0263,P0038
P0263,P0037
P0263,P0828
P0263,P0165
P0263,P0043
P0263,P0006
P0263,P0244
P0263,P1424
P0263,P0939
P0263,P1292
P0263,P1039
P0263,P0433
P0263,P1537
P0263,P0134
P0263,P0235
P0263,P0280
P0263,P0307
P0263,P1085
P0264,P0428
P0268,P0518
P0273,P0763
P0274,P0001
P0274,P0060
P0274,P1156
P0274,P1414
P0274,P0870
P0275,P1270
P0276,P0363
P0276,P0684
P0277,P0103
P0277,P0938
P0277,P0092
P0278,P1319
P0278,P0289
P0279,P0954
P0280,P0002
P0280,P0011
P0280,P1076
P0281,P0002
P0281,P0012
P0281,P0609
P0281,P0010
P0281,P0240
P0281,P0009
P0281,P0014
P0281,P0095
P0282,P0856
P0282,P0021
P0283,P0581
P0283,P0050
P0283,P0616
P0283,P0081
P0283,P0507
P0283,P0005
P0283,P0778
P0284,P0457
P0285,P0147
P0285,P0009
P0285,P0043
P0285,P0006
P0286,P0009
P0286,P0038
P0286,P0023
P0286,P0032
P0286,P0047
P0288,P0953
P0288,P0005
P0288,P1175
P0289,P1028
P0290,P0289
P0290,P0552
P0290,P0021
P0290,P1410
P0290,P0561
P0291,P0199
P0292,P1071
P0293,P0100
P0293,P0120
P0293,P0001
P0294,P1047
P0295,P0694
P0295,P0715
P0295,P0749
P0295,P0617
P0295,P1840
P0295,P1378
P0297,P0831
P0298,P0042
P0298,P0670
P0298,P2014
P0299,P0518
P0299,P0110
P0299,P0662
P0300,P0060
P0300,P0765
P0300,P0051
P0300,P0069
P0300,P0149
P0300,P0289
P0303,P0597
P0303,P0085
P0305,P0012
P0306,P0161
P0306,P1919
P0306,P0009
P0306,P0032
P0306,P0026
P0307,P1410
P0307,P0068
P0307,P0265
P0307,P0088
P0307,P0535
P0308,P0130
P0308,P0111
P0308,P0684
P0311,P0581
P0311,P0690
P0311,P0580
P0311,P0002
P0311,P0428
P0312,P0942
P0312,P0006
P0312,P0434
P0312,P0547
P0312,P0049
P0312,P0033
P0312,P0871
P0312,P0939
P0312,P0009
P0312,P0450
P0312,P0109
P0312,P0741
P0315,P0002
P0315,P0488
P0315,P0814
P0315,P0623
P0315,P0096
P0316,P0002
P0316,P0060
P0316,P0561
P0317,P0350
P0318,P0973
P0318,P0535
P0321,P1033
P0321,P0667
P0321,P0743
P0321,P0880
P0322,P0854
P0323,P0968
P0323,P0304
P0325,P0571
P0329,P0006
P0329,P0063
P0329,P0032
P0330,P0572
P0330,P0012
P0330,P0535
P0331,P0051
P0332,P0002
P0332,P0023
P0332,P1033
P0333,P0836
P0338,P0677
P0338,P1121
P0338,P0690
P0344,P1198
P0344,P0535
P0346,P0020
P0347,P0021
P0347,P0518
P0348,P0865
P0349,P0071
P0349,P0016
P0349,P0963
P0350,P0317
P0351,P1074
P0351,P1082
P0351,P1091
P0351,P0099
P0351,P0874
P0352,P0211
P0352,P0159
P0352,P0855
P0352,P0646
P0352,P1110
P0352,P0711
P0352,P1051
P0353,P0670
P0353,P0080
P0355,P0749
P0355,P0003
P0355,P0838
P0356,P0776
P0356,P0111
P0360,P1179
P0361,P0633
P0363,P1825
P0363,P0001
P0363,P0378
P0364,P0240
P0364,P1313
P0367,P0217
P0368,P1022
P0369,P0016
P0369,P0047
P0369,P0247
P0370,P0057
P0371,P1914
P0371,P1071
P0371,P0987
P0371,P0905
P0374,P0010
P0374,P0329
P0374,P0716
P0375,P0005
P0375,P0954
P0375,P0279
P0376,P0197
P0376,P0653
P0376,P1976
P0378,P0001
P0379,P0954
P0379,P0289
P0379,P0975
P0380,P0015
P0380,P0210
P0380,P0071
P0380,P1101
P0382,P0001
P0382,P0008
P0382,P0011
P0386,P0001
P0386,P0771
P0386,P0075
P0386,P0518
P0386,P1275
P0389,P0008
P0389,P0112
P0389,P0178
P0391,P0563
P0391,P0032
P0392,P0857
P0392,P1313
P0395,P0865
P0396,P0684
P0396,P0518
P0397,P0547
P0398,P0518
P0399,P0021
P0406,P0269
P0408,P0408
P0408,P0289
P0409,P1776
P0409,P0735
P0410,P1197
P0411,P1105
P0411,P0133
P0411,P0484
P0411,P0011
P0411,P0914
P0411,P0777
P0411,P0545
P0411,P0172
P0411,P0860
P0411,P0883
P0411,P0948
P0411,P1030
P0411,P0552
P0411,P0098
P0412,P0545
P0412,P0011
P0413,P1498
P0413,P0776
P0413,P0057
P0413,P0111
P0414,P0121
P0414,P1033
P0414,P0620
P0414,P0363
P0416,P0135
P0416,P0552
P0417,P0574
P0418,P0445
P0420,P0657
P0421,P0068
P0421,P0121
P0422,P0149
P0424,P0518
P0424,P0871
P0424,P0563
P0424,P1275
P0428,P0572
P0429,P0016
P0429,P0597
P0429,P0199
P0430,P0212
P0430,P0307
P0433,P0939
P0433,P0937
P0433,P0021
P0433,P0857
P0433,P0779
P0433,P0040
P0434,P0199
P0434,P0535
P0434,P1198
P0435,P0023
P0435,P0623
P0435,P0563
P0438,P0002
P0439,P0421
P0439,P0121
P0441,P0134
P0441,P0050
P0441,P0684
P0442,P0794
P0443,P0208
P0443,P0552
P0444,P0816
P0445,P0060
P0445,P0549
P0445,P0001
P0445,P0040
P0446,P0001
P0446,P1776
P0446,P0060
P0446,P0130
P0446,P0694
P0446,P0879
P0447,P0040
P0447,P0871
P0449,P0112
P0449,P0060
P0449,P0178
P0449,P0008
P0450,P0535
P0451,P0042
P0451,P0100
P0451,P0095
P0451,P0003
P0451,P0499
P0452,P1394
P0452,P0025
P0452,P1038
P0452,P0657
P0452,P0071
P0452,P0060
P0453,P0453
P0457,P0001
P0458,P0002
P0460,P0084
P0460,P1462
P0464,P1706
P0465,P0084
P0466,P0151
P0467,P0623
P0467,P0684
P0468,P0563
P0468,P0032
P0470,P0692
P0474,P0628
P0475,P0093
P0477,P0016
P0477,P0060
P0478,P0289
P0479,P0157
P0482,P0518
P0482,P0016
P0482,P0021
P0482,P0973
P0484,P0011
P0485,P0846
P0488,P1156
P0488,P0512
P0492,P0040
P0493,P0901
P0493,P0002
P0493,P0428
P0493,P0580
P0495,P0026
P0495,P0009
P0495,P0031
P0501,P0686
P0501,P1254
P0501,P0031
P0502,P0010
P0503,P0016
P0507,P0199
P0507,P0289
P0507,P0716
P0507,P0953
P0507,P1298
P0507,P0069
P0507,P0127
P0508,P0023
P0512,P0088
P0512,P0265
P0516,P0902
P0516,P0032
P0516,P0236
P0516,P0951
P0516,P0764
P0516,P0653
P0519,P0190
P0519,P0011
P0520,P0743
P0521,P0609
P0521,P0518
P0521,P0021
P0522,P0111
P0524,P0973
P0525,P1179
P0526,P0552
P0526,P0850
P0526,P0108
P0526,P0905
P0528,P1277
P0529,P1957
P0531,P0917
P0533,P1138
P0533,P0081
P0533,P1696
P0533,P0892
P0533,P1029
P0533,P0037
P0533,P1094
P0533,P0033
P0533,P0026
P0533,P0590
P0533,P0047
P0534,P1275
P0534,P0755
P0534,P0096
P0534,P0147
P0534,P0609
P0534,P0347
P0534,P0144
P0534,P1128
P0534,P0075
P0534,P0973
P0538,P0929
P0539,P1048
P0540,P0730
P0542,P0057
P0542,P0831
P0542,P0111
P0542,P0001
P0542,P0378
P0545,P0060
P0545,P0001
P0545,P1156
P0545,P0657
P0545,P0547
P0548,P0001
P0548,P0011
P0548,P0112
P0548,P0545
P0548,P0060
P0549,P0001
P0549,P0880
P0549,P1056
P0550,P0690
P0550,P0016
P0551,P0173
P0551,P0857
P0551,P1313
P0551,P0874
P0554,P0954
P0554,P0079
P0554,P0344
P0554,P1078
P0554,P0266
P0555,P1056
P0556,P0086
P0556,P0017
P0556,P1275
P0558,P1260
P0558,P0518
P0558,P0018
P0558,P0095
P0558,P1424
P0558,P1655
P0558,P1276
P0558,P0146
P0558,P0012
P0558,P0846
P0558,P0836
P0558,P0814
P0558,P0016
P0558,P0057
P0558,P0283
P0558,P0055
P0558,P1081
P0558,P0048
P0558,P0032
P0558,P0119
P0559,P0518
P0559,P0987
P0561,P0552
P0561,P1253
P0561,P0571
P0561,P1811
P0561,P0011
P0561,P0001
P0563,P0305
P0563,P0042
P0563,P0009
P0563,P0623
P0563,P0147
P0565,P1074
P0565,P1091
P0565,P0836
P0565,P0057
P0565,P1254
P0565,P0244
P0566,P0221
P0566,P0016
P0567,P0155
P0567,P0068
P0568,P0518
P0572,P0199
P0573,P1040
P0577,P0269
P0578,P0008
P0580,P0199
P0580,P0012
P0580,P0812
P0580,P0741
P0580,P0597
P0580,P0794
P0580,P0015
P0581,P0523
P0581,P0553
P0584,P0016
P0585,P0026
P0590,P0779
P0591,P0088
P0592,P0165
P0595,P2318
P0595,P0854
P0595,P0535
P0595,P1683
P0598,P0289
P0598,P0347
P0598,P0001
P0598,P0156
P0598,P0199
P0598,P1166
P0602,P0016
P0602,P0395
P0603,P0104
P0605,P0552
P0605,P0850
P0605,P0482
P0606,P0948
P0607,P0016
P0608,P0042
P0608,P0100
P0608,P0023
P0608,P0892
P0609,P0917
P0609,P0518
P0609,P0021
P0609,P0016
P0609,P1622
P0609,P1448
P0609,P1090
P0611,P0919
P0612,P1156
P0612,P0085
P0614,P0131
P0614,P0023
P0616,P0812
P0618,P0168
P0618,P0796
P0618,P0948
P0618,P2200
P0619,P0019
P0619,P0061
P0619,P0023
P0619,P0009
P0619,P0038
P0619,P0032
P0619,P0043
P0619,P0063
P0619,P0072
P0619,P0006
P0620,P2086
P0620,P0009
P0620,P0616
P0622,P1128
P0622,P0653
P0622,P0002
P0622,P1067
P0622,P0075
P0624,P0009
P0624,P0038
P0624,P0010
P0624,P0075
P0624,P0609
P0624,P0001
P0624,P0003
P0624,P0831
P0624,P0031
P0624,P0043
P0625,P0006
P0625,P0032
P0626,P0060
P0626,P0653
P0626,P0438
P0626,P0657
P0630,P0340
P0631,P0653
P0632,P0001
P0632,P0060
P0632,P0902
P0633,P0060
P0636,P0895
P0636,P0043
P0636,P0006
P0638,P0016
P0638,P0104
P0638,P0686
P0639,P0518
P0642,P1040
P0642,P0684
P0643,P0040
P0643,P0081
P0643,P0857
P0643,P1292
P0643,P1076
P0643,P1313
P0643,P1162
P0643,P0092
P0643,P0001
P0644,P0002
P0644,P0001
P0646,P0855
P0646,P0159
P0646,P0255
P0648,P0919
P0649,P0768
P0649,P0004
P0650,P0694
P0651,P1884
P0651,P0305
P0653,P0764
P0653,P0124
P0653,P0438
P0655,P0518
P0655,P0021
P0657,P0199
P0657,P0795
P0657,P0657
P0658,P0777
P0658,P2084
P0658,P0176
P0658,P0423
P0658,P0860
P0658,P1378
P0658,P0835
P0658,P0289
P0658,P0434
P0658,P0108
P0658,P0886
P0659,P0155
P0659,P0616
P0660,P0763
P0661,P0814
P0661,P0428
P0661,P0009
P0661,P0026
P0665,P0199
P0666,P0545
P0666,P0108
P0666,P0831
P0666,P0795
P0666,P0552
P0666,P0456
P0667,P0199
P0668,P0037
P0668,P0026
P0668,P0017
P0668,P0014
P0669,P0620
P0670,P0080
P0674,P0018
P0674,P0080
P0674,P0062
P0674,P1585
P0674,P1075
P0675,P0831
P0676,P0886
P0676,P0833
P0679,P0002
P0679,P0948
P0679,P0204
P0679,P0081
P0679,P0892
P0679,P0165
P0679,P0134
P0679,P0023
P0681,P0394
P0681,P0728
P0681,P0005
P0681,P0434
P0681,P0109
P0683,P0874
P0683,P1082
P0683,P1022
P0683,P0055
P0683,P0092
P0684,P1736
P0684,P0088
P0684,P0755
P0685,P0395
P0686,P1477
P0686,P0017
P0686,P0038
P0686,P0031
P0689,P0212
P0690,P0199
P0690,P0553
P0690,P0523
P0690,P0741
P0693,P0684
P0693,P0308
P0693,P0130
P0696,P1074
P0696,P0055
P0696,P0277
P0696,P0551
P0696,P0351
P0696,P0683
P0699,P0016
P0699,P0001
P0699,P0060
P0702,P1215
P0702,P1116
P0702,P0066
P0702,P1255
P0702,P0702
P0703,P0003
P0703,P0703
P0704,P0704
P0705,P0010
P0707,P0029
P0707,P0802
P0708,P0883
P0709,P0730
P0709,P1521
P0709,P0311
P0709,P0428
P0709,P0572
P0709,P0436
P0709,P1085
P0710,P0813
P0711,P0855
P0711,P0211
P0711,P0217
P0711,P0646
P0715,P0749
P0715,P0842
P0717,P0581
P0717,P0892
P0717,P0134
P0720,P0003
P0721,P0796
P0723,P1557
P0723,P1015
P0723,P0057
P0724,P0609
P0724,P0060
P0726,P0060
P0726,P1032
P0726,P0771
P0726,P0609
P0726,P0011
P0726,P0730
P0726,P0484
P0726,P0093
P0728,P0535
P0729,P0005
P0732,P0008
P0734,P0085
P0734,P0590
P0734,P0016
P0734,P0846
P0734,P1462
P0734,P0460
P0734,P0084
P0741,P0199
P0743,P0942
P0743,P0304
P0743,P0199
P0743,P0015
P0743,P0667
P0743,P0012
P0745,P0060
P0745,P0971
P0745,P0423
P0745,P0873
P0745,P0657
P0745,P0011
P0745,P0111
P0745,P0023
P0745,P0445
P0745,P0552
P0745,P0850
P0747,P0167
P0747,P0828
P0749,P0816
P0749,P0838
P0749,P0842
P0749,P0239
P0752,P0081
P0752,P1292
P0756,P0616
P0756,P0049
P0756,P0433
P0756,P0081
P0756,P0023
P0756,P0892
P0758,P1706
P0759,P0315
P0760,P1706
P0761,P0535
P0761,P0014
P0761,P0009
P0762,P0050
P0763,P0004
P0764,P0065
P0765,P0015
P0770,P1159
P0771,P0199
P0771,P0008
P0771,P0404
P0771,P0023
P0771,P0009
P0771,P0014
P0773,P0305
P0773,P0434
P0775,P1099
P0775,P0332
P0775,P0037
P0776,P0523
P0776,P0289
P0776,P0690
P0778,P0616
P0778,P0450
P0778,P0434
P0779,P0450
P0780,P0776
P0780,P0084
P0780,P0289
P0780,P0460
P0780,P1462
P0781,P0304
P0784,P0653
P0785,P0017
P0785,P0063
P0785,P0827
P0788,P0620
P0788,P1410
P0792,P0011
P0792,P0289
P0792,P0535
P0793,P1404
P0794,P0741
P0795,P0450
P0795,P0199
P0795,P0029
P0795,P0006
P0796,P1156
P0796,P1036
P0796,P0082
P0797,P0001
P0797,P0036
P0798,P0006
P0799,P0657
P0799,P0571
P0799,P0799
P0801,P0434
P0802,P0029
P0802,P0694
P0802,P0011
P0804,P0771
P0804,P0040
P0804,P0017
P0804,P0038
P0804,P1033
P0804,P0063
P0804,P0865
P0811,P0903
P0811,P0019
P0814,P0002
P0814,P0023
P0814,P0147
P0814,P0518
P0814,P1033
P0814,P0009
P0814,P0003
P0814,P0928
P0814,P0915
P0815,P0008
P0816,P0838
P0816,P0617
P0820,P0083
P0824,P0836
P0824,P0019
P0824,P0055
P0827,P0031
P0831,P0002
P0831,P0001
P0831,P0011
P0831,P0484
P0831,P0124
P0831,P0846
P0833,P0060
P0833,P1156
P0836,P0019
P0836,P0017
P0837,P0630
P0837,P0253
P0837,P0037
P0837,P0009
P0837,P0165
P0840,P0208
P0840,P0552
P0843,P0982
P0843,P1353
P0843,P0921
P0843,P0060
P0845,P0541
P0845,P0060
P0846,P0503
P0846,P0161
P0850,P0552
P0851,P0304
P0852,P0411
P0852,P1445
P0852,P1316
P0852,P1771
P0852,P0561
P0852,P0011
P0852,P1270
P0854,P0456
P0855,P2088
P0855,P0211
P0855,P0217
P0855,P0159
P0855,P1832
P0856,P0016
P0857,P0662
P0857,P0049
P0857,P0031
P0857,P0017
P0858,P1876
P0858,P1479
P0858,P0025
P0858,P0009
P0859,P0199
P0859,P0741
P0859,P0019
P0862,P0858
P0862,P0011
P0862,P1811
P0862,P1705
P0862,P0072
P0862,P0031
P0862,P0017
P0864,P0535
P0864,P0450
P0864,P0035
P0865,P0088
P0868,P0001
P0868,P0036
P0868,P0060
P0868,P0003
P0868,P0878
P0870,P0060
P0870,P1156
P0870,P0029
P0870,P0274
P0871,P0199
P0873,P0065
P0874,P0580
P0874,P0017
P0874,P1994
P0874,P0038
P0874,P0151
P0874,P0690
P0874,P1034
P0875,P0423
P0875,P0870
P0875,P0860
P0875,P0393
P0875,P0599
P0875,P0986
P0875,P0626
P0875,P0176
P0875,P0445
P0875,P0199
P0875,P0001
P0875,P0036
P0875,P0802
P0875,P0861
P0875,P1054
P0875,P0203
P0876,P0199
P0876,P0982
P0878,P1033
P0878,P0023
P0878,P0012
P0878,P0937
P0878,P0003
P0879,P0003
P0880,P0199
P0880,P0019
P0880,P0553
P0882,P0009
P0882,P0014
P0882,P0031
P0882,P0662
P0882,P0779
P0883,P0484
P0884,P1156
P0884,P0011
P0884,P0423
P0884,P0764
P0884,P0858
P0884,P0060
P0884,P0208
P0884,P1166
P0884,P0553
P0885,P0572
P0888,P0809
P0892,P0199
P0894,P0002
P0894,P0547
P0894,P0031
P0894,P0518
P0895,P0031
P0895,P0009
P0895,P0014
P0896,P0535
P0896,P0005
P0896,P0109
P0896,P0939
P0896,P0037
P0898,P0305
P0899,P0939
P0899,P0887
P0900,P0012
P0900,P0199
P0901,P0873
P0901,P0208
P0901,P0633
P0902,P0428
P0902,P0060
P0902,P0892
P0902,P0895
P0902,P1243
P0902,P1108
P0902,P0809
P0902,P0955
P0902,P1156
P0904,P0535
P0905,P0002
P0905,P0623
P0905,P1090
P0905,P0755
P0906,P0385
P0907,P1271
P0907,P1179
P0907,P0289
P0907,P0042
P0907,P0859
P0907,P0553
P0907,P0065
P0908,P0926
P0908,P0842
P0908,P0908
P0909,P0004
P0910,P0982
P0911,P0004
P0913,P1330
P0913,P0027
P0913,P0428
P0915,P0928
P0915,P0014
P0917,P0101
P0919,P0001
P0919,P0820
P0919,P0032
P0921,P0060
P0921,P0982
P0922,P0009
P0922,P0017
P0923,P1660
P0924,P0035
P0924,P0289
P0927,P0304
P0928,P0915
P0928,P0923
P0928,P0014
P0929,P0728
P0929,P1069
P0929,P0014
P0929,P0017
P0929,P0031
P0929,P0535
P0934,P0657
P0936,P0711
P0938,P1026
P0938,P0084
P0941,P0813
P0942,P1876
P0943,P0001
P0943,P0681
P0943,P0854
P0945,P0026
P0945,P0014
P0945,P0038
P0945,P0017
P0945,P0009
P0945,P0037
P0945,P0031
P0945,P0033
P0946,P0085
P0946,P0001
P0946,P0883
P0949,P0484
P0950,P0017
P0950,P0026
P0950,P0765
P0952,P0801
P0952,P0771
P0953,P0304
P0953,P0289
P0954,P0968
P0954,P0616
P0954,P0015
P0954,P0088
P0955,P0060
P0955,P0032
P0955,P0001
P0956,P0956
P0957,P0304
P0958,P0563
P0958,P0779
P0958,P0755
P0958,P0684
P0958,P0623
P0958,P0609
P0958,P0016
P0958,P0147
P0958,P0289
P0958,P0247
P0958,P1076
P0958,P0857
P0958,P0032
P0958,P1071
P0958,P1622
P0964,P0002
P0964,P0913
P0964,P1330
P0964,P0027
P0966,P0006
P0967,P0035
P0967,P1707
P0968,P0019
P0971,P0304
P0972,P0547
P0972,P0001
P0972,P0657
P0972,P1156
P0972,P0060
P0973,P0016
P0973,P0518
P0973,P0019
P0974,P0113
P0975,P1082
P0975,P0065
P0976,P0553
P0977,P0445
P0979,P0043
P0981,P1305
P0983,P0919
P0985,P0777
P0985,P2084
P0985,P0176
P0985,P0423
P0985,P0860
P0985,P0886
P0986,P1128
P0990,P0060
P0991,P0937
P0991,P0005
P0991,P0079
P0992,P0657
P0993,P0523
P0995,P0002
P0996,P0978
P0997,P0003
P0997,P0100
P0997,P2203
P1001,P0060
P1002,P0060
P1003,P0008
P1005,P0017
P1005,P0038
P1005,P0008
P1005,P0959
P1005,P1562
P1005,P0523
P1006,P2127
P1008,P0677
P1008,P0690
P1008,P1108
P1008,P0248
P1008,P0085
P1010,P0978
P1010,P1010
P1010,P1311
P1011,P0561
P1011,P0986
P1011,P0552
P1014,P0484
P1014,P0883
P1015,P0880
P1015,P0021
P1015,P0019
P1015,P0032
P1015,P0104
P1015,P0047
P1015,P1016
P1015,P0743
P1016,P0677
P1019,P0800
P1021,P1266
P1021,P0986
P1021,P0798
P1021,P0061
P1021,P1144
P1021,P1410
P1021,P0009
P1021,P0014
P1021,P0068
P1021,P0048
P1021,P0130
P1021,P0694
P1023,P0677
P1023,P1016
P1026,P0084
P1026,P0535
P1027,P0963
P1027,P0199
P1029,P0023
P1029,P0033
P1029,P0017
P1029,P0038
P1029,P0006
P1029,P0043
P1029,P0072
P1030,P0948
P1030,P0484
P1030,P0068
P1030,P0535
P1030,P0716
P1031,P0060
P1031,P1242
P1031,P0325
P1031,P0599
P1031,P1068
P1031,P0348
P1031,P0633
P1031,P0792
P1031,P0796
P1031,P0132
P1032,P0060
P1032,P0484
P1032,P0208
P1032,P0952
P1032,P0093
P1033,P0581
P1033,P0009
P1033,P0923
P1034,P0304
P1034,P0009
P1034,P0927
P1035,P0856
P1035,P0581
P1035,P1097
P1035,P0681
P1035,P0199
P1035,P1770
P1036,P0029
P1037,P1491
P1039,P0798
P1039,P0006
P1040,P0812
P1040,P0088
P1040,P0005
P1041,P0450
P1041,P0199
P1041,P0155
P1041,P0801
P1042,P0060
P1042,P0423
P1042,P1372
P1042,P0545
P1043,P0677
P1043,P0662
P1043,P0580
P1043,P0765
P1043,P0015
P1044,P1044
P1045,P0081
P1045,P0014
P1045,P0017
P1045,P0009
P1045,P0801
P1046,P0677
P1051,P0855
P1052,P0796
P1054,P0571
P1055,P0572
P1056,P0023
P1056,P0597
P1056,P0012
P1056,P0006
P1056,P0043
P1057,P0004
P1058,P0871
P1058,P1071
P1058,P0942
P1058,P0798
P1058,P0809
P1058,P0553
P1061,P0199
P1062,P0060
P1062,P0870
P1062,P0745
P1062,P0949
P1062,P2205
P1063,P0918
P1063,P0633
P1065,P0002
P1066,P0937
P1067,P0002
P1067,P0060
P1067,P0729
P1071,P1622
P1075,P1128
P1075,P0101
P1075,P0917
P1076,P0857
P1076,P0662
P1076,P1489
P1077,P0289
P1077,P0100
P1077,P0096
P1078,P0079
P1078,P0670
P1078,P0870
P1079,P0005
P1079,P0099
P1081,P0938
P1081,P0981
P1081,P0103
P1082,P1074
P1082,P1022
P1085,P1053
P1085,P0096
P1085,P1277
P1085,P0005
P1085,P0003
P1085,P0011
P1085,P0080
P1085,P0329
P1085,P0010
P1085,P0902
P1086,P1159
P1087,P0864
P1087,P0535
P1090,P0199
P1090,P0035
P1090,P0141
P1090,P0033
P1091,P0072
P1091,P0895
P1091,P0031
P1091,P1422
P1092,P0060
P1092,P1042
P1092,P1414
P1092,P0870
P1092,P1054
P1092,P0123
P1092,P0411
P1094,P0023
P1094,P0836
P1094,P1033
P1094,P0939
P1094,P0017
P1094,P0038
P1094,P0047
P1094,P0006
P1094,P0043
P1094,P0033
P1094,P1066
P1094,P0042
P1094,P0616
P1094,P0798
P1095,P0060
P1095,P0986
P1095,P0552
P1095,P0021
P1096,P0998
P1096,P0023
P1097,P0951
P1097,P0304
P1099,P0728
P1100,P0060
P1102,P0796
P1103,P0728
P1103,P0091
P1104,P1660
P1106,P1522
P1109,P0003
P1109,P0484
P1109,P0445
P1109,P0098
P1110,P0855
P1110,P0646
P1110,P0217
P1110,P0159
P1114,P0060
P1114,P0062
P1115,P0199
P1115,P0002
P1115,P0289
P1115,P0081
P1115,P0017
P1115,P0026
P1115,P1033
P1115,P0032
P1115,P0727
P1115,P0043
P1115,P0006
P1115,P0033
P1116,P1215
P1116,P0702
P1117,P0199
P1117,P0849
P1117,P0032
P1117,P0003
P1118,P0003
P1119,P0012
P1119,P0572
P1120,P0199
P1120,P0023
P1120,P0026
P1120,P0017
P1120,P0795
P1121,P0199
P1121,P0016
P1124,P0002
P1126,P0081
P1126,P0055
P1126,P0092
P1126,P0822
P1126,P0801
P1126,P0518
P1126,P0857
P1127,P0060
P1129,P0014
P1129,P0009
P1130,P1573
P1132,P0002
P1132,P0001
P1132,P0003
P1132,P0846
P1132,P0463
P1135,P0060
P1136,P0008
P1142,P0304
P1144,P0716
P1145,P0677
P1147,P1329
P1148,P0662
P1148,P0092
P1151,P0967
P1151,P0702
P1152,P0060
P1152,P0871
P1152,P0633
P1155,P0749
P1156,P0795
P1158,P1127
P1162,P0456
P1162,P0581
P1162,P0830
P1162,P0109
P1163,P0541
P1163,P0237
P1166,P0192
P1166,P0795
P1166,P0973
P1167,P0830
P1167,P0289
P1171,P0918
P1174,P0912
P1175,P0016
P1177,P0918
P1177,P1242
P1177,P1171
P1179,P0015
P1183,P0880
P1183,P0741
P1183,P0079
P1184,P0580
P1184,P1286
P1184,P0113
P1186,P1248
P1188,P0771
P1188,P0023
P1188,P0984
P1188,P0535
P1188,P0240
P1188,P0043
P1188,P0006
P1193,P0540
P1193,P2038
P1193,P0623
P1195,P0060
P1195,P0131
P1196,P0030
P1197,P0009
P1197,P0942
P1198,P0903
P1199,P1271
P1199,P0450
P1200,P0838
P1200,P0617
P1202,P0304
P1203,P0002
P1203,P0061
P1203,P0130
P1203,P0021
P1203,P0026
P1203,P0037
P1204,P0434
P1205,P0008
P1205,P0074
P1207,P2053
P1212,P0913
P1212,P0254
P1212,P0015
P1212,P0755
P1212,P0289
P1212,P0288
P1212,P1079
P1212,P0953
P1213,P1213
P1214,P0060
P1214,P0484
P1214,P0561
P1214,P0433
P1216,P1522
P1220,P0865
P1222,P0002
P1222,P0633
P1222,P0862
P1224,P0304
P1224,P1013
P1225,P0160
P1225,P0009
P1225,P0038
P1228,P0807
P1231,P0428
P1231,P0716
P1231,P0765
P1233,P0068
P1233,P0684
P1233,P1030
P1233,P0535
P1239,P0060
P1239,P0423
P1240,P1330
P1241,P0060
P1241,P0304
P1242,P0918
P1247,P0022
P1248,P0882
P1248,P0335
P1249,P1021
P1249,P0509
P1249,P0068
P1249,P0986
P1249,P0306
P1249,P0684
P1249,P0232
P1251,P0690
P1251,P0574
P1251,P1166
P1252,P1252
P1254,P0686
P1254,P1091
P1254,P1074
P1256,P0030
P1256,P0147
P1256,P0023
P1257,P0393
P1257,P0117
P1257,P0196
P1258,P0792
P1258,P0948
P1258,P0130
P1259,P0883
P1259,P0123
P1259,P0484
P1261,P0518
P1261,P0155
P1262,P0016
P1262,P0616
P1262,P0042
P1264,P0507
P1264,P0289
P1264,P0113
P1272,P0553
P1274,P0060
P1274,P0124
P1275,P0518
P1275,P0011
P1275,P0623
P1275,P0021
P1275,P0093
P1275,P0147
P1275,P0009
P1275,P0047
P1275,P0726
P1275,P0010
P1276,P0841
P1276,P2035
P1276,P0662
P1277,P0830
P1281,P0552
P1281,P0694
P1283,P0033
P1284,P1105
P1284,P0475
P1285,P0060
P1285,P0190
P1285,P0325
P1285,P1616
P1286,P0597
P1291,P0002
P1291,P0019
P1291,P0423
P1291,P0032
P1291,P0776
P1291,P0266
P1292,P0167
P1292,P0081
P1298,P0019
P1298,P0811
P1298,P0199
P1299,P1328
P1299,P0730
P1299,P0755
P1299,P0157
P1299,P0002
P1299,P0018
P1299,P0017
P1299,P0014
P1299,P0104
P1299,P0005
P1299,P0291
P1299,P1568
P1299,P0716
P1301,P0199
P1301,P0005
P1301,P1046
P1301,P0081
P1301,P0620
P1301,P0434
P1302,P0101
P1302,P0917
P1304,P0009
P1304,P1033
P1304,P0250
P1306,P0686
P1306,P0623
P1306,P0081
P1306,P0428
P1308,P0060
P1309,P1268
P1309,P0001
P1309,P2185
P1309,P1402
P1309,P0633
P1309,P0484
P1309,P0060
P1309,P0971
P1310,P0289
P1310,P0220
P1310,P0079
P1310,P0989
P1310,P1462
P1310,P0005
P1310,P0002
P1310,P0776
P1312,P0873
P1313,P0662
P1313,P0811
P1313,P0822
P1313,P0801
P1313,P0055
P1313,P0092
P1313,P0103
P1315,P0042
P1315,P0616
P1315,P0535
P1315,P1026
P1315,P0084
P1317,P0011
P1317,P0578
P1317,P0178
P1317,P1205
P1319,P0937
P1319,P0547
P1319,P0141
P1319,P0104
P1319,P0033
P1319,P0226
P1320,P0768
P1321,P0553
P1323,P0572
P1326,P0456
P1326,P0743
P1327,P0030
P1329,P0942
P1329,P1876
P1330,P0741
P1332,P0755
P1332,P0450
P1333,P0304
P1334,P0005
P1336,P0002
P1336,P0003
P1336,P0060
P1338,P1811
P1338,P0571
P1338,P1253
P1338,P0011
P1338,P1322
P1338,P0001
P1339,P0773
P1339,P0430
P1339,P0307
P1344,P0633
P1344,P0977
P1344,P1764
P1345,P0004
P1345,P0909
P1345,P1057
P1345,P1345
P1347,P0001
P1347,P0943
P1350,P0809
P1351,P0962
P1351,P0805
P1353,P0060
P1353,P0484
P1354,P0060
P1358,P1437
P1358,P1467
P1358,P0808
P1358,P0366
P1359,P0060
P1359,P0289
P1359,P0111
P1364,P1190
P1365,P0836
P1365,P0755
P1366,P0844
P1366,P0232
P1366,P0178
P1366,P0060
P1372,P0844
P1376,P0596
P1376,P0030
P1376,P0086
P1376,P0014
P1376,P0009
P1376,P0047
P1376,P0010
P1376,P0962
P1376,P0127
P1379,P0002
P1382,P0060
P1382,P0561
P1382,P0001
P1382,P0488
P1382,P0658
P1382,P0745
P1382,P0011
P1382,P0545
P1382,P0100
P1382,P0290
P1382,P0831
P1382,P1402
P1382,P1025
P1384,P0662
P1384,P0857
P1389,P1013
P1390,P0836
P1390,P0048
P1390,P0032
P1390,P0043
P1391,P0808
P1391,P0183
P1391,P0009
P1391,P0014
P1392,P1010
P1393,P0677
P1394,P0795
P1395,P0853
P1397,P0845
P1399,P0023
P1399,P0038
P1399,P0014
P1399,P0828
P1399,P0165
P1399,P0043
P1399,P0006
P1399,P0244
P1399,P1424
P1399,P0939
P1399,P1292
P1399,P1039
P1399,P0433
P1399,P1537
P1399,P0134
P1399,P0235
P1399,P0280
P1399,P0307
P1399,P1085
P1400,P0686
P1400,P1254
P1400,P0765
P1400,P0811
P1400,P0874
P1401,P0060
P1401,P0971
P1401,P1268
P1402,P1156
P1402,P0918
P1404,P0199
P1404,P0138
P1404,P0871
P1404,P0002
P1404,P0857
P1404,P1076
P1404,P0042
P1404,P0779
P1404,P0535
P1405,P0002
P1405,P1014
P1405,P0716
P1405,P0814
P1405,P0253
P1405,P0023
P1405,P0134
P1405,P0307
P1405,P0210
P1405,P0095
P1405,P0033
P1405,P0121
P1405,P0068
P1405,P1233
P1405,P0104
P1405,P0494
P1405,P0603
P1405,P0067
P1405,P0037
P1405,P0032
P1405,P0026
P1405,P0010
P1405,P0484
P1405,P1410
P1405,P1016
P1405,P0040
P1405,P0535
P1406,P0002
P1406,P0060
P1407,P0667
P1407,P1452
P1407,P0801
P1407,P0963
P1408,P0002
P1408,P0208
P1409,P1054
P1413,P0776
P1413,P0892
P1413,P0580
P1413,P0015
P1413,P0812
P1413,P0741
P1413,P0222
P1413,P0067
P1413,P0902
P1413,P0032
P1413,P0014
P1413,P0017
P1413,P0010
P1413,P0006
P1413,P0213
P1413,P0043
P1413,P0033
P1413,P0280
P1413,P0778
P1413,P0361
P1413,P1780
P1413,P0623
P1413,P0147
P1413,P0905
P1413,P0315
P1413,P0096
P1413,P0794
P1413,P0002
P1413,P0316
P1414,P0060
P1414,P1156
P1414,P0029
P1415,P0727
P1415,P1033
P1415,P1423
P1417,P1722
P1418,P0060
P1418,P0886
P1420,P1420
P1422,P1074
P1422,P0014
P1422,P0026
P1422,P0038
P1422,P0009
P1422,P0037
P1422,P0017
P1422,P0031
P1422,P0033
P1423,P1415
P1423,P0966
P1423,P0289
P1424,P0765
P1424,P0023
P1424,P0289
P1424,P0864
P1424,P0033
P1424,P0730
P1424,P1033
P1424,P0874
P1424,P1016
P1426,P0168
P1428,P0702
P1428,P0731
P1429,P0098
P1429,P0716
P1430,P0553
P1432,P0450
P1432,P0518
P1432,P0002
P1432,P0428
P1432,P0987
P1433,P0470
P1434,P1058
P1434,P0032
P1434,P0280
P1434,P0026
P1436,P0060
P1436,P0871
P1436,P0633
P1437,P0808
P1439,P0863
P1439,P2154
P1439,P1318
P1442,P0488
P1442,P0130
P1442,P0011
P1442,P0484
P1442,P0552
P1442,P1271
P1442,P0590
P1443,P1338
P1443,P0060
P1444,P0484
P1445,P1811
P1446,P0049
P1446,P0616
P1446,P0535
P1446,P0241
P1448,P0822
P1452,P0012
P1453,P0967
P1453,P0288
P1453,P0681
P1454,P0199
P1455,P0001
P1455,P0002
P1455,P0190
P1455,P0831
P1455,P0485
P1455,P1825
P1456,P2294
P1456,P1456
P1462,P0071
P1462,P0880
P1471,P0915
P1471,P0522
P1471,P1085
P1471,P0552
P1472,P0623
P1472,P0488
P1472,P0445
P1472,P0001
P1475,P0552
P1476,P0199
P1477,P0026
P1477,P0017
P1477,P0014
P1481,P0065
P1481,P0801
P1489,P0023
P1493,P0411
P1493,P1281
P1493,P0361
P1493,P0549
P1493,P1012
P1493,P1762
P1493,P0005
P1493,P0657
P1493,P0543
P1493,P0633
P1493,P0011
P1496,P0005
P1496,P0755
P1496,P0609
P1497,P1766
P1497,P0117
P1498,P0623
P1498,P0987
P1498,P0147
P1499,P0199
P1499,P0035
P1500,P0002
P1500,P0814
P1500,P0499
P1500,P1498
P1500,P1568
P1500,P0088
P1500,P0111
P1502,P1581
P1502,P0304
P1504,P0002
P1504,P1090
P1504,P0289
P1504,P0033
P1506,P0574
P1506,P0897
P1508,P0484
P1509,P0831
P1511,P0225
P1511,P0138
P1511,P0776
P1511,P0057
P1514,P0617
P1515,P0060
P1515,P0484
P1518,P0362
P1519,P0362
P1521,P0998
P1521,P0730
P1524,P2080
P1524,P0010
P1524,P0411
P1526,P0858
P1527,P0303
P1527,P0037
P1529,P0717
P1529,P1534
P1530,P0896
P1530,P0580
P1530,P0874
P1530,P1994
P1531,P1056
P1532,P0016
P1534,P0456
P1534,P0830
P1534,P0122
P1534,P0103
P1534,P1027
P1537,P0364
P1537,P0081
P1537,P1313
P1537,P0047
P1537,P1489
P1537,P0023
P1537,P0292
P1537,P0857
P1539,P0858
P1539,P0902
P1539,P0032
P1539,P0072
P1539,P0951
P1539,P0011
P1539,P0764
P1539,P0653
P1541,P0392
P1541,P1082
P1541,P0351
P1542,P0129
P1542,P0892
P1542,P0253
P1542,P0147
P1542,P0684
P1543,P0358
P1543,P1016
P1543,P0677
P1543,P0085
P1547,P0285
P1547,P0055
P1547,P0551
P1547,P0351
P1547,P0157
P1552,P0289
P1554,P0002
P1554,P0144
P1554,P0547
P1554,P0090
P1555,P0730
P1555,P0026
P1557,P0874
P1557,P0552
P1557,P0085
P1557,P1216
P1557,P0597
P1557,P0771
P1557,P0010
P1557,P0213
P1557,P0009
P1557,P0043
P1558,P0428
P1558,P0060
P1558,P0883
P1558,P0488
P1558,P0934
P1559,P1660
P1560,P1040
P1560,P0434
P1560,P0305
P1560,P0025
P1563,P0865
P1563,P1843
P1563,P0968
P1563,P0757
P1567,P0484
P1568,P0450
P1568,P0761
P1568,P0779
P1568,P0104
P1568,P1096
P1568,P0006
P1568,P1090
P1568,P0033
P1568,P0716
P1568,P0226
P1569,P1179
P1571,P0035
P1571,P0684
P1571,P0776
P1574,P0004
P1577,P1967
P1577,P0060
P1577,P0411
P1579,P1224
P1579,P1083
P1579,P0103
P1580,P0882
P1580,P1186
P1580,P0043
P1580,P0032
P1580,P0009
P1580,P0026
P1580,P0765
P1580,P0006
P1580,P1248
P1580,P0047
P1580,P0099
P1580,P0048
P1583,P0008
P1583,P2267
P1584,P0289
P1585,P0062
P1587,P0050
P1587,P0551
P1587,P0305
P1587,P1076
P1587,P0146
P1587,P0173
P1587,P0558
P1589,P0049
P1589,P0014
P1589,P0009
P1594,P1159
P1595,P0883
P1595,P0035
P1595,P0552
P1595,P0108
P1595,P0411
P1595,P0884
P1595,P0021
P1595,P0307
P1596,P0423
P1599,P0081
P1599,P0590
P1599,P0037
P1599,P0023
P1599,P1696
P1599,P0892
P1600,P1921
P1600,P0844
P1605,P0021
P1605,P0552
P1606,P0360
P1606,P0670
P1606,P1078
P1606,P0047
P1608,P0768
P1611,P0958
P1611,P0552
P1611,P0363
P1613,P0621
P1616,P0857
P1616,P0945
P1616,P1422
P1616,P0017
P1616,P0038
P1616,P0033
P1616,P0043
P1616,P0006
P1616,P0072
P1616,P0047
P1616,P0026
P1616,P0037
P1616,P0032
P1617,P0874
P1617,P0580
P1618,P0005
P1618,P0110
P1619,P0200
P1626,P1476
P1626,P1309
P1626,P1942
P1627,P0032
P1627,P0625
P1627,P0047
P1628,P0049
P1628,P0892
P1628,P0095
P1629,P1718
P1629,P2154
P1630,P0768
P1630,P0004
P1630,P0911
P1630,P0763
P1631,P1267
P1634,P1634
P1635,P0880
P1635,P0581
P1635,P0662
P1635,P1029
P1635,P0161
P1636,P0165
P1636,P0434
P1636,P0535
P1636,P0778
P1636,P0616
P1636,P0235
P1636,P0205
P1636,P2265
P1636,P0129
P1641,P0507
P1642,P0023
P1643,P1209
P1643,P1752
P1643,P1811
P1643,P0831
P1644,P0937
P1644,P1145
P1644,P0677
P1644,P0018
P1646,P0778
P1646,P0033
P1646,P0026
P1646,P1202
P1646,P0014
P1649,P2132
P1655,P0019
P1655,P0040
P1656,P0983
P1659,P0657
P1659,P0992
P1659,P1693
P1662,P0581
P1662,P1374
P1663,P0849
P1663,P0741
P1665,P1015
P1669,P0148
P1669,P0862
P1673,P1105
P1675,P0016
P1679,P0954
P1679,P0289
P1679,P0975
P1681,P1410
P1681,P0563
P1681,P2323
P1681,P0035
P1681,P0021
P1681,P1919
P1681,P0623
P1683,P2318
P1683,P0771
P1683,P0001
P1684,P0060
P1684,P0883
P1684,P0735
P1684,P1177
P1684,P0445
P1684,P0552
P1684,P1135
P1684,P0896
P1684,P0009
P1687,P0903
P1689,P0540
P1689,P0730
P1689,P0518
P1693,P0657
P1693,P0992
P1694,P0140
P1694,P0538
P1694,P1461
P1694,P1274
P1696,P0450
P1696,P0081
P1696,P0009
P1696,P0014
P1696,P0023
P1697,P0681
P1701,P0883
P1702,P0147
P1705,P1145
P1705,P0304
P1705,P0657
P1708,P0874
P1708,P1082
P1708,P0055
P1708,P0092
P1714,P0857
P1714,P0981
P1714,P0450
P1715,P0684
P1715,P0030
P1717,P0304
P1717,P0681
P1719,P0199
P1720,P0918
P1720,P0677
P1720,P0002
P1720,P0199
P1720,P0657
P1722,P1348
P1723,P0033
P1723,P0141
P1724,P1255
P1724,P0702
P1726,P0690
P1727,P0001
P1728,P0646
P1728,P0711
P1728,P0763
P1728,P0944
P1733,P0811
P1733,P0937
P1733,P0923
P1733,P0828
P1733,P0981
P1739,P0004
P1743,P0002
P1743,P0003
P1752,P0484
P1752,P1209
P1752,P0060
P1752,P0865
P1752,P0883
P1753,P1307
P1757,P1511
P1757,P1015
P1757,P1366
P1759,P0488
P1759,P0694
P1762,P0727
P1762,P0060
P1763,P0042
P1763,P1198
P1763,P0434
P1763,P0616
P1763,P0535
P1763,P1026
P1763,P0084
P1771,P0423
P1772,P0304
P1773,P0828
P1773,P0084
P1775,P1619
P1776,P0060
P1780,P0017
P1780,P0038
P1780,P0047
P1780,P0072
P1780,P1129
P1780,P0006
P1790,P0060
P1790,P0423
P1794,P0113
P1795,P0164
P1795,P0770
P1796,P0131
P1798,P0060
P1798,P0982
P1801,P0822
P1801,P0937
P1801,P0049
P1801,P0434
P1803,P0001
P1805,P1268
P1805,P0986
P1805,P1109
P1805,P1309
P1805,P1402
P1805,P1152
P1805,P0971
P1812,P0111
P1813,P0020
P1815,P0563
P1816,P0864
P1819,P0055
P1819,P0006
P1819,P0032
P1820,P0771
P1820,P0040
P1820,P0017
P1820,P0038
P1820,P1033
P1820,P0063
P1820,P0865
P1821,P0944
P1823,P1200
P1825,P0204
P1825,P0001
P1829,P0857
P1829,P0981
P1831,P0428
P1831,P0730
P1832,P0004
P1832,P0154
P1836,P1227
P1837,P0681
P1838,P0857
P1838,P0981
P1838,P0450
P1839,P1246
P1848,P0998
P1848,P2016
P1849,P1108
P1851,P0140
P1851,P0633
P1851,P0870
P1851,P1408
P1851,P0445
P1853,P0135
P1853,P0266
P1853,P0684
P1855,P0609
P1855,P0050
P1855,P0010
P1859,P0984
P1859,P0580
P1859,P0895
P1860,P0849
P1860,P0450
P1860,P1299
P1860,P0771
P1864,P1311
P1864,P1010
P1864,P1112
P1865,P0060
P1865,P0137
P1870,P0794
P1870,P0289
P1871,P0193
P1875,P0813
P1877,P0055
P1877,P1030
P1879,P0010
P1880,P0450
P1881,P0115
P1881,P1912
P1883,P0203
P1884,P0002
P1884,P0003
P1884,P0923
P1884,P0937
P1884,P0248
P1884,P0307
P1887,P0710
P1889,P1096
P1889,P0399
P1894,P0060
P1894,P0906
P1894,P0445
P1897,P0001
P1898,P0727
P1901,P0304
P1905,P0812
P1912,P0060
P1912,P1937
P1913,P0337
P1914,P0199
P1914,P0305
P1914,P0883
P1914,P0021
P1914,P0093
P1916,P0147
P1919,P0021
P1920,P1171
P1924,P0144
P1924,P0018
P1924,P0521
P1925,P0015
P1925,P0456
P1925,P0845
P1926,P0895
P1926,P0072
P1927,P0003
P1932,P1478
P1934,P0015
P1938,P1706
P1938,P1335
P1946,P1473
P1953,P0728
P1965,P1965
P1966,P1271
P1968,P0060
P1968,P0653
P1968,P1030
P1968,P0563
P1968,P0962
P1968,P0681
P1969,P0021
P1969,P0518
P1970,P1706
P1970,P1335
P1972,P0768
P1972,P1972
P1973,P0658
P1973,P0363
P1973,P0814
P1973,P0179
P1973,P0623
P1973,P0168
P1973,P0014
P1973,P0009
P1973,P0043
P1973,P0213
P1973,P2136
P1979,P0987
P1979,P0771
P1980,P0963
P1980,P0830
P1988,P0199
P1991,P0690
P1991,P1251
P1991,P0093
P1991,P2144
P1992,P0677
P1992,P0690
P1995,P1977
P1996,P2030
P1996,P0044
P2000,P2000
P2004,P0304
P2004,P0199
P2004,P0667
P2004,P0012
P2005,P2282
P2005,P0924
P2006,P0002
P2007,P0863
P2008,P0580
P2009,P1039
P2009,P0179
P2009,P0018
P2009,P0057
P2010,P0017
P2010,P0038
P2010,P0031
P2012,P0545
P2012,P0457
P2012,P0060
P2012,P0860
P2012,P0658
P2015,P0199
P2015,P0289
P2015,P0030
P2015,P0684
P2018,P1258
P2018,P0792
P2018,P0814
P2019,P0305
P2019,P1171
P2019,P1177
P2022,P0014
P2022,P0009
P2022,P0031
P2022,P0072
P2023,P2023
P2024,P0428
P2024,P0027
P2026,P0060
P2026,P0001
P2026,P0484
P2026,P0623
P2029,P0770
P2030,P0863
P2032,P0989
P2032,P0015
P2033,P0133
P2033,P0026
P2033,P0048
P2033,P0032
P2033,P0068
P2033,P0009
P2034,P0690
P2034,P1251
P2034,P0093
P2037,P0002
P2038,P0002
P2038,P0199
P2038,P0054
P2038,P0623
P2039,P0199
P2039,P0993
P2043,P0702
P2051,P0199
P2055,P1558
P2055,P0060
P2055,P0168
P2055,P0858
P2055,P2205
P2055,P0297
P2055,P0001
P2055,P0178
P2055,P0902
P2055,P0126
P2055,P0895
P2055,P0870
P2055,P0745
P2055,P0274
P2055,P0376
P2055,P0846
P2055,P1062
P2055,P0378
P2055,P0197
P2055,P0814
P2055,P1085
P2055,P0374
P2055,P0147
P2055,P0620
P2055,P0955
P2058,P0488
P2058,P0060
P2060,P0561
P2060,P1511
P2061,P0001
P2061,P0060
P2063,P0802
P2063,P0423
P2063,P1401
P2064,P1201
P2066,P0923
P2067,P0423
P2067,P0883
P2070,P1311
P2070,P1010
P2073,P0507
P2073,P0887
P2074,P2074
P2076,P0450
P2080,P0123
P2080,P0883
P2080,P0795
P2080,P0545
P2080,P0986
P2080,P0016
P2080,P0161
P2080,P0071
P2080,P0021
P2080,P0518
P2080,P0093
P2080,P0108
P2080,P1322
P2080,P1011
P2080,P0205
P2083,P0967
P2085,P1128
P2086,P0012
P2086,P0023
P2086,P0809
P2088,P0217
P2088,P1832
P2088,P0159
P2088,P0211
P2088,P1395
P2088,P0154
P2090,P0033
P2090,P0047
P2090,P0009
P2090,P1770
P2090,P0305
P2090,P0098
P2090,P0884
P2093,P0140
P2093,P2144
P2093,P0574
P2093,P1251
P2093,P2034
P2093,P0690
P2093,P2279
P2093,P1108
P2093,P1991
P2094,P0032
P2094,P0092
P2096,P0199
P2096,P0035
P2096,P1015
P2096,P0786
P2101,P0808
P2102,P0846
P2105,P0686
P2105,P1306
P2105,P1254
P2105,P0765
P2108,P0939
P2108,P0037
P2108,P0109
P2108,P0005
P2108,P0535
P2109,P1128
P2110,P1034
P2111,P1033
P2111,P0134
P2111,P0009
P2111,P0030
P2111,P0023
P2111,P0518
P2113,P0199
P2113,P0012
P2113,P0812
P2113,P0741
P2113,P0794
P2117,P0947
P2118,P0027
P2118,P0434
P2119,P0808
P2120,P0289
P2120,P0779
P2120,P0027
P2120,P0865
P2120,P0714
P2120,P1738
P2120,P0681
P2120,P0552
P2120,P1461
P2120,P1128
P2121,P0008
P2124,P0057
P2124,P0100
P2126,P1269
P2128,P0667
P2128,P1452
P2128,P0801
P2128,P0963
P2129,P1248
P2129,P0882
P2129,P1186
P2129,P0006
P2129,P0043
P2129,P0047
P2129,P0009
P2129,P0048
P2129,P0099
P2129,P0765
P2130,P0894
P2130,P0012
P2130,P2130
P2133,P0065
P2136,P1801
P2136,P1825
P2136,P0305
P2136,P0032
P2136,P0050
P2137,P0127
P2138,P0289
P2141,P1422
P2143,P0979
P2144,P1251
P2144,P0574
P2148,P0450
P2149,P0865
P2150,P0199
P2150,P0831
P2150,P0411
P2150,P0892
P2150,P0165
P2150,P0501
P2151,P0023
P2151,P0199
P2151,P0002
P2151,P1120
P2151,P0779
P2151,P0289
P2158,P0305
P2158,P0684
P2158,P1301
P2158,P0096
P2158,P0314
P2158,P0755
P2159,P0411
P2159,P0409
P2159,P0134
P2159,P0735
P2160,P0060
P2163,P1707
P2165,P1428
P2165,P0731
P2166,P1128
P2167,P0681
P2167,P0460
P2167,P0015
P2169,P0010
P2170,P1730
P2173,P0450
P2173,P0001
P2174,P0032
P2174,P0009
P2174,P0880
P2174,P0095
P2175,P0796
P2175,P1102
P2175,P0544
P2179,P0200
P2179,P1775
P2179,P1428
P2179,P1619
P2181,P0677
P2181,P0779
P2181,P0518
P2181,P0093
P2185,P1242
P2189,P1046
P2190,P0002
P2190,P0033
P2192,P0003
P2192,P0001
P2192,P0371
P2192,P0086
P2194,P0597
P2196,P0117
P2196,P0203
P2202,P0002
P2202,P2503
P2202,P0871
P2202,P0786
P2204,P0005
P2204,P0450
P2204,P1334
P2205,P0955
P2205,P0047
P2205,P0063
P2205,P0006
P2205,P0274
P2205,P0902
P2205,P0060
P2209,P0918
P2211,P0653
P2211,P0050
P2216,P0737
P2217,P0047
P2217,P0063
P2217,P0006
P2217,P0060
P2239,P1117
P2239,P1822
P2242,P0134
P2244,P0060
P2244,P0124
P2246,P2246
P2249,P2249
P2251,P0010
P2254,P1217
P2258,P0002
P2259,P0010
P2259,P0023
P2259,P0905
P2260,P0009
P2260,P1607
P2262,P2262
P2265,P1077
P2270,P0004
P2271,P1573
P2273,P1069
P2274,P0904
P2274,P1014
P2275,P0814
P2275,P1418
P2275,P0745
P2275,P0010
P2275,P0445
P2275,P0017
P2275,P0038
P2275,P0032
P2275,P0902
P2275,P0060
P2277,P0008
P2279,P2144
P2279,P0574
P2279,P0801
P2280,P2270
P2282,P0955
P2282,P0047
P2282,P0063
P2282,P0006
P2282,P0274
P2282,P0902
P2282,P0060
P2283,P0887
P2285,P0004
P2285,P0911
P2290,P0008
P2291,P1227
P2291,P1836
P2292,P1890
P2295,P2053
P2297,P1015
P2299,P0060
P2299,P1048
P2301,P2144
P2301,P0574
P2301,P2279
P2301,P0690
P2301,P1108
P2301,P0883
P2301,P0123
P2307,P0060
P2307,P0870
P2307,P1771
P2307,P1062
P2310,P0008
P2310,P0074
P2310,P0112
P2310,P0058
P2311,P1076
P2312,P0305
P2312,P0008
P2312,P0001
P2312,P0445
P2312,P0002
P2315,P0060
P2318,P0771
P2319,P0060
P2319,P1476
P2319,P0416
P2323,P0563
P2323,P0623
P2323,P0095
P2324,P0814
P2324,P1418
P2324,P0745
P2324,P0445
P2324,P0032
P2324,P0060
P2324,P0902
P2324,P0009
P2324,P0026
P2328,P0242
P2328,P0934
P2328,P0361
P2329,P0428
P2329,P2216
P2329,P0658
P2329,P0545
P2330,P0060
P2330,P1476
P2330,P0416
P2330,P0545
P2336,P0484
P2336,P0060
P2336,P0552
P2336,P0488
P2336,P0561
P2336,P0011
P2336,P0574
P2336,P0633
P2336,P1156
P2338,P1133
P2338,P0012
P2339,P0304
P2340,P0749
P2343,P0001
P2345,P0918
P2347,P0883
P2347,P0921
P2347,P0060
P2347,P0445
P2348,P0060
P2348,P0057
P2348,P1183
P2349,P0060
P2349,P0982
P2349,P0727
P2349,P0921
P2350,P0450
P2350,P0001
P2352,P0802
P2357,P0193
P2357,P1171
P2358,P0001
P2358,P0677
P2362,P0545
P2362,P0411
P2364,P0901
P2364,P1506
P2364,P0873
P2364,P0411
P2364,P0977
P2371,P0992
P2371,P0657
P2371,P0001
P2371,P1693
P2371,P0420
P2373,P0777
P2373,P0136
P2373,P0633
P2375,P0883
P2375,P0552
P2375,P0307
P2378,P0013
P2379,P0001
P2379,P0060
P2379,P0658
P2379,P0745
P2379,P0500
P2379,P0986
P2379,P0187
P2379,P0168
P2381,P1128
P2381,P1461
P2385,P0021
P2385,P0397
P2390,P0981
P2390,P0662
P2390,P0092
P2392,P1347
P2392,P0860
P2392,P1257
P2392,P0060
P2392,P0902
P2395,P0428
P2395,P0929
P2395,P0728
P2395,P0609
P2396,P0830
P2396,P0289
P2399,P1396
P2399,P0245
P2399,P0003
P2399,P0647
P2399,P0488
P2399,P0046
P2401,P0304
P2404,P0006
P2404,P0017
P2404,P0023
P2405,P0814
P2405,P0801
P2405,P1135
P2406,P0304
P2406,P1967
P2408,P0305
P2408,P0010
P2408,P0017
P2408,P0072
P2408,P0535
P2408,P0306
P2409,P1358
P2409,P1437
P2410,P0035
P2412,P1091
P2412,P0686
P2413,P1502
P2413,P1017
P2413,P1516
P2413,P0620
P2416,P0108
P2416,P0002
P2416,P0805
P2416,P0075
P2417,P0199
P2420,P0060
P2420,P0552
P2421,P0023
P2421,P0433
P2421,P0939
P2422,P1392
P2424,P0037
P2424,P1033
P2426,P0896
P2426,P0005
P2427,P0437
P2427,P0414
P2430,P0865
P2430,P0592
P2435,P0289
P2436,P0729
P2436,P1314
P2438,P1720
P2438,P0411
P2439,P1269
P2442,P1934
P2442,P0677
P2442,P0015
P2442,P0662
P2442,P0580
P2444,P0730
P2445,P0743
P2445,P0456
P2445,P0523
P2447,P0155
P2447,P0450
P2452,P0146
P2452,P0086
P2452,P0392
P2454,P0771
P2455,P0518
P2456,P0121
P2456,P0421
P2458,P0690
P2458,P1251
P2458,P0093
P2458,P1992
P2460,P1032
P2461,P0484
P2462,P0770
P2463,P1184
P2467,P0008
P2467,P1562
P2467,P0523
P2468,P1299
P2468,P0370
P2471,P1165
P2471,P0507
P2474,P2217
P2474,P0924
P2476,P1046
P2478,P0009
P2478,P0023
P2478,P0015
P2478,P0199
P2478,P0456
P2478,P0213
P2478,P0010
P2479,P1033
P2479,P0130
P2479,P0883
P2479,P1695
P2480,P0844
P2482,P0686
P2482,P0244
P2482,P1254
P2483,P0023
P2483,P0892
P2483,P0694
P2484,P0014
P2484,P0009
P2484,P0031
P2484,P0072
P2487,P0199
P2487,P0035
P2492,P0027
P2494,P0027
P2502,P1374
P2502,P0563
P2506,P0866
P2510,P0753
P2512,P0061
P2512,P0147
P2521,P1159
P2521,P0965
P2523,P0370
P2527,P0906
P2527,P1001
P2527,P0385
P2530,P0965
P2531,P1217
P2532,P0965
P2533,P1217
P2542,P0007
P2542,P2233
P2543,P0020
P2544,P0112
P2549,P0140
P2549,P0001
P2549,P0962
P2549,P0261
P2560,P0553
P2565,P0009
P2567,P0909
P2567,P0911
P2567,P1057
P2568,P0909
P2568,P0911
P2568,P1057
P2570,P0909
P2570,P0911
P2570,P1057
P2571,P0702
P2571,P0066
P2580,P1890
P2581,P0008
P2584,P1316
P2584,P0168
P2584,P1149
P2593,P0003
P2594,P1076
P2594,P0155
P2598,P0001
P2600,P0428
P2601,P0563
P2601,P0623
P2601,P0095
P2604,P0010
P2605,P0972
P2605,P0060
P2605,P1316
P2607,P0089
P2607,P0011
